{
	"type":"botanypots:crop",
	"conditions":[{
		"type":"forge:mod_loaded",
		"modid":"mysticalagriculture"},{
			"type":"mysticalagriculture:crop_enabled",
			"crop":"mysticalagriculture:dirt"}],
	"seed":{
		"item":"mysticalagriculture:soulium_seed_base"},
		"categories":["supremium"],
		"growthTicks":4500,
		"display":{
			"block":"mysticalagriculture:dirt_crop",
			"properties":{"age":7}},
			"results":[{
				"chance":0.75,
				"output":{
					"item":"mysticalagriculture:soulium_dust"},
					"minRolls":1,
					"maxRolls":1},{
				"chance":0.05,
				"output":{
					"item":"mysticalagriculture:soulium_seed_base"},
					"minRolls":1,
					"maxRolls":1},{
				"chance":0.01,
				"output":{
					"item":"mysticalagriculture:fertilized_essence"},
					"minRolls":1,
					"maxRolls":1
				}
			]
}