{
	"input": {
		"tag": "forge:ores/iron",
		"size": 1,
		"type": "ic2:tag"
	},
	"first_tank": {
		"fluid": "minecraft:empty",
		"amount": 0
	},
	"second_tank": {
		"fluid": "ic2:bio_fuel",
		"amount": 100
	},
	"output": {
		"output": {
			"item": "minecraft:raw_iron",
			"count": 1
		},
		"minOut": 4,
		"maxOut": 6,
		"fluidOutput": {
			"fluid": "minecraft:empty",
			"amount": 0
		},
		"minFluid": 0,
		"maxFluid": 0,
		"nbt": "{time_mod:0.5d}",
		"type": "ic2:range",
		"enabled": false
	},
	"type": "ic2:crafting_ic2_automated",
	"enabled": false
}