{
	"input": {
		"tag": "forge:ores/silver",
		"size": 1,
		"type": "ic2:tag"
	},
	"first_tank": {
		"fluid": "minecraft:empty",
		"amount": 0
	},
	"second_tank": {
		"fluid": "ic2:alcohol",
		"amount": 25
	},
	"output": {
		"output": {
			"item": "ic2:raw_silver",
			"count": 1
		},
		"minOut": 6,
		"maxOut": 8,
		"fluidOutput": {
			"fluid": "minecraft:empty",
			"amount": 0
		},
		"minFluid": 0,
		"maxFluid": 0,
		"nbt": "{time_mod:0.5d}",
		"type": "ic2:range"
	},
	"type": "ic2:crafting_ic2_automated",
	"enabled": false
}